"CNES";"NOME FANTASIA";"NÍVEL DE ATENÇÃO";"NIVEL_REFERENCIA";"PESO_COMPLEXIDADE";"CAPACIDADE/MES";"CAPACIDADE_PONDERADA";"SETORES_COBERTOS";"SETORES_COM_PEQ";"SETORES_SEM_PEQ";"POPULACAO_EQUIVALENTE";"INDICE_SOBRECARGA";"latitude";"longitude";"CLASSIFICACAO"
"978841";"CENTRO DE SAUDE DIVINEIA";"AMBULATORIAL - 01 ATENCAO BASICA";"I";"0.8";"3000";"2400";"64";"63";"1";"43351.8";"18.0633";"-2.49075695399118";"-44.2208932642331";"Sobrecarregado"
"2308444";"CENTRO DE SAUDE AMAR";"AMBULATORIAL - 01 ATENCAO BASICA, AMBULATORIAL - 02 MEDIA COMPLEXIDADE";"II";"1.0";"6000";"6000";"146";"141";"5";"88382.3";"14.7304";"-2.51161080455124";"-44.2367133636716";"Sobrecarregado"
"2455838";"CENTRO DE SAUDE DO JOAO PAULO";"AMBULATORIAL - 01 ATENCAO BASICA";"I";"0.8";"3000";"2400";"44";"42";"2";"32636.5";"13.5985";"-2.54454743224986";"-44.2731011874152";"Sobrecarregado"
"2309297";"CENTRO DE SAUDE SAO RAIMUNDO";"AMBULATORIAL - 01 ATENCAO BASICA";"I";"0.8";"3000";"2400";"34";"34";"0";"28874";"12.0308";"-2.55001685410466";"-44.3308599767643";"Sobrecarregado"
"2455765";"CLINICA DA FAMILIA DO SACAVEM";"AMBULATORIAL - 01 ATENCAO BASICA";"I";"0.8";"3000";"2400";"33";"33";"0";"24167";"10.0696";"-2.55782234587889";"-44.2610125706558";"Sobrecarregado"
"2308797";"CENTRO DE SAUDE DO RADIONAL";"AMBULATORIAL - 01 ATENCAO BASICA";"I";"0.8";"3000";"2400";"29";"29";"0";"21811.6";"9.0882";"-2.54809093332757";"-44.2502129956611";"Sobrecarregado"
"2456869";"CENTRO DE SAUDE VILA BACANGA EMBRIAO";"AMBULATORIAL - 01 ATENCAO BASICA";"I";"0.8";"3000";"2400";"24";"24";"0";"20676.6";"8.6153";"-2.55619385429219";"-44.3118202140442";"Sobrecarregado"
"3365816";"CENTRO DE SAUDE DR ANTONIO GUANARE";"AMBULATORIAL - 01 ATENCAO BASICA, AMBULATORIAL - 02 MEDIA COMPLEXIDADE";"II";"1.0";"6000";"6000";"69";"67";"2";"49167.2";"8.1945";"-2.56743394445272";"-44.2691215926497";"Sobrecarregado"
"2645807";"CENTRO DE SAUDE SANTA EFIGENIA";"AMBULATORIAL - 01 ATENCAO BASICA, AMBULATORIAL - 02 MEDIA COMPLEXIDADE";"II";"1.0";"6000";"6000";"57";"57";"0";"49051.6";"8.1753";"-2.57675821371198";"-44.1919580837719";"Sobrecarregado"
"7071116";"CENTRO DE SAUDE DRA VALDECY ELEOTERIA MARTINS";"AMBULATORIAL - 01 ATENCAO BASICA";"I";"0.8";"3000";"2400";"27";"27";"0";"19549.9";"8.1458";"-2.56969330447851";"-44.2994535780235";"Sobrecarregado"
"2645890";"CENTRO DE SAUDE IPEM SAO CRISTOVAO";"AMBULATORIAL - 01 ATENCAO BASICA, AMBULATORIAL - 02 MEDIA COMPLEXIDADE";"II";"1.0";"6000";"6000";"56";"56";"0";"41884.7";"6.9808";"-2.56838107497733";"-44.2177699046536";"Sobrecarregado"
"2697971";"CENTRO DE SAUDE DJALMA MARQUES";"AMBULATORIAL - 01 ATENCAO BASICA";"I";"0.8";"3000";"2400";"33";"31";"2";"16650.9";"6.9379";"-2.52405114289164";"-44.2165815325102";"Sobrecarregado"
"2876175";"CENTRO DE SAUDE BAIRRO DE FATIMA";"AMBULATORIAL - 01 ATENCAO BASICA";"I";"0.8";"3000";"2400";"23";"23";"0";"15984.4";"6.6602";"-2.53434";"-44.29292";"Sobrecarregado"
"666394";"CENTRO DE SAUDE BARRETO";"AMBULATORIAL - 01 ATENCAO BASICA";"I";"0.8";"3000";"2400";"20";"20";"0";"15593";"6.4971";"-2.54414706418044";"-44.2603936052196";"Sobrecarregado"
"7798342";"CENTRO DE SAUDE DR EXPEDITO ALVES DE MELO";"AMBULATORIAL - 01 ATENCAO BASICA";"I";"0.8";"3000";"2400";"29";"27";"2";"15208.3";"6.3368";"-2.60632565543694";"-44.1879706877025";"Sobrecarregado"
"9904638";"UNIDADE BASICA DE SAUDE CINTRA";"AMBULATORIAL - 01 ATENCAO BASICA, AMBULATORIAL - 02 MEDIA COMPLEXIDADE";"II";"1.0";"6000";"6000";"55";"54";"1";"37931.1";"6.3219";"-2.54448390513554";"-44.2378762526171";"Sobrecarregado"
"842761";"CENTRO DE SAUDE IPASE";"AMBULATORIAL - 01 ATENCAO BASICA, AMBULATORIAL - 02 MEDIA COMPLEXIDADE";"II";"1.0";"6000";"6000";"59";"58";"1";"37691.4";"6.2819";"-2.53301580151656";"-44.2578626061712";"Sobrecarregado"
"9784950";"PROCURADORIA GERAL DA JUSTICA UNIDADE CONSULTORIO MEDICO";"AMBULATORIAL - 02 MEDIA COMPLEXIDADE";"II";"1.0";"6000";"6000";"58";"57";"1";"36894.9";"6.1492";"-2.51";"-44.287";"Sobrecarregado"
"724203";"UBS VEREADOR BATISTA MATOS ALEMANHA";"AMBULATORIAL - 01 ATENCAO BASICA";"I";"0.8";"3000";"2400";"18";"18";"0";"13887.1";"5.7863";"-2.5373979594756";"-44.269559700581";"Sobrecarregado"
"2309998";"CENTRO DE SAUDE BEZERRA DE MENESES";"AMBULATORIAL - 01 ATENCAO BASICA, AMBULATORIAL - 02 MEDIA COMPLEXIDADE";"II";"1.0";"6000";"6000";"51";"51";"0";"32324.7";"5.3875";"-2.50807513351824";"-44.3047296428076";"Sobrecarregado"
"2698013";"CENTRO DE SAUDE GENESIO RAMOS FILHO";"AMBULATORIAL - 01 ATENCAO BASICA, AMBULATORIAL - 02 MEDIA COMPLEXIDADE";"II";"1.0";"6000";"6000";"46";"45";"1";"32175.6";"5.3626";"-2.54167591857726";"-44.215630902758";"Sobrecarregado"
"3226387";"CENTRO DE SAUDE DA VILA LOBAO";"AMBULATORIAL - 01 ATENCAO BASICA";"I";"0.8";"3000";"2400";"20";"20";"0";"11396.9";"4.7487";"-2.56361341496928";"-44.2430980122808";"Sobrecarregado"
"2310058";"CLINICA DA FAMILIA DO TURU";"AMBULATORIAL - 01 ATENCAO BASICA, AMBULATORIAL - 02 MEDIA COMPLEXIDADE";"II";"1.0";"6000";"6000";"52";"50";"2";"28380.9";"4.7302";"-2.50265253703976";"-44.2229526651097";"Sobrecarregado"
"2464624";"CLINICA DA FAMILIA DO ANJO DA GUARDA";"AMBULATORIAL - 01 ATENCAO BASICA, AMBULATORIAL - 02 MEDIA COMPLEXIDADE";"II";"1.0";"6000";"6000";"32";"32";"0";"25343.9";"4.2240";"-2.56475621934362";"-44.3329748540686";"Sobrecarregado"
"2455803";"CENTRO DE SAUDE JOAO DE DEUS";"AMBULATORIAL - 01 ATENCAO BASICA, AMBULATORIAL - 02 MEDIA COMPLEXIDADE";"II";"1.0";"6000";"6000";"35";"34";"1";"24435.1";"4.0725";"-2.55908973499725";"-44.2300522853364";"Sobrecarregado"
"2530562";"CENTRO DE SAUDE NAZARE NEIVA";"AMBULATORIAL - 01 ATENCAO BASICA, AMBULATORIAL - 02 MEDIA COMPLEXIDADE";"II";"1.0";"6000";"6000";"35";"34";"1";"23022.7";"3.8371";"-2.59624146094008";"-44.2291307043767";"Sobrecarregado"
"3376265";"CENTRO DE SAUDE VILA EMBRATEL";"AMBULATORIAL - 01 ATENCAO BASICA, AMBULATORIAL - 02 MEDIA COMPLEXIDADE";"II";"1.0";"6000";"6000";"29";"29";"0";"22764.9";"3.7942";"-2.56961555025398";"-44.3098427540193";"Sobrecarregado"
"2697963";"CENTRO DE SAUDE DA LIBERDADE";"AMBULATORIAL - 01 ATENCAO BASICA, AMBULATORIAL - 02 MEDIA COMPLEXIDADE";"II";"1.0";"6000";"6000";"26";"26";"0";"21664.9";"3.6108";"-2.53201347240271";"-44.2842356110737";"Sobrecarregado"
"2702878";"CENTRO DE SAUDE SANTA BARBARA";"AMBULATORIAL - 01 ATENCAO BASICA, AMBULATORIAL - 02 MEDIA COMPLEXIDADE";"II";"1.0";"6000";"6000";"29";"28";"1";"19624.3";"3.2707";"-2.60337042420126";"-44.2118391973621";"Sobrecarregado"
"2309300";"CENTRO DE SAUDE SALOMAO FIQUENE";"AMBULATORIAL - 01 ATENCAO BASICA, AMBULATORIAL - 02 MEDIA COMPLEXIDADE";"II";"1.0";"6000";"6000";"19";"19";"0";"18118.9";"3.0198";"-2.5385422";"-44.2031532";"Sobrecarregado"
"6120520";"CENTRO DE SAUDE JANAINA";"AMBULATORIAL - 01 ATENCAO BASICA, AMBULATORIAL - 02 MEDIA COMPLEXIDADE";"II";"1.0";"6000";"6000";"23";"23";"0";"17753";"2.9588";"-2.593683";"-44.1900901";"Sobrecarregado"
"948357";"CENTRO ATENDIMENTO A PESSOA COM HIPERTENSAO E DIABETES";"AMBULATORIAL - 01 ATENCAO BASICA, AMBULATORIAL - 02 MEDIA COMPLEXIDADE";"II";"1.0";"6000";"6000";"22";"22";"0";"17420";"2.9033";"-2.53200095826268";"-44.2843804260481";"Sobrecarregado"
"3173828";"CENTRO DE SAUDE FABICIANA DE MORAES";"AMBULATORIAL - 01 ATENCAO BASICA, AMBULATORIAL - 02 MEDIA COMPLEXIDADE";"II";"1.0";"6000";"6000";"18";"18";"0";"15025.2";"2.5042";"-2.58706592960698";"-44.2066535175227";"Sobrecarregado"
"2645769";"UNIDADE DE SAUDE DA FAMILIA VILA SARNEY";"AMBULATORIAL - 01 ATENCAO BASICA, AMBULATORIAL - 02 MEDIA COMPLEXIDADE";"II";"1.0";"6000";"6000";"23";"23";"0";"14776.4";"2.4627";"-2.63367257776153";"-44.2706714456456";"Sobrecarregado"
"2645866";"CENTRO DE SAUDE COQUEIRO";"AMBULATORIAL - 01 ATENCAO BASICA";"I";"0.8";"3000";"2400";"9";"8";"1";"5491.9";"2.2883";"-2.72767448595251";"-44.3595220112584";"Sobrecarregado"
"2309289";"CENTRO DE SAUDE COHAB ANIL";"AMBULATORIAL - 01 ATENCAO BASICA, AMBULATORIAL - 02 MEDIA COMPLEXIDADE";"II";"1.0";"6000";"6000";"20";"20";"0";"13689.2";"2.2815";"-2.53497385377563";"-44.2170617490848";"Sobrecarregado"
"2645785";"CENTRO DE SAUDE MARIA AYRECILA CIDADE OLIMPICA II";"AMBULATORIAL - 01 ATENCAO BASICA, AMBULATORIAL - 02 MEDIA COMPLEXIDADE";"II";"1.0";"6000";"6000";"19";"19";"0";"13478.4";"2.2464";"-2.59400946830655";"-44.1799389916673";"Sobrecarregado"
"2645815";"UNIDADE DE SAUDE DA FAMILIA PIRAPORA";"AMBULATORIAL - 01 ATENCAO BASICA, AMBULATORIAL - 02 MEDIA COMPLEXIDADE";"II";"1.0";"6000";"6000";"24";"21";"3";"13239.3";"2.2066";"-2.55919465972143";"-44.2385072904295";"Sobrecarregado"
"2881314";"CLINICA DA FAMILIA MORADA DO SOL";"AMBULATORIAL - 01 ATENCAO BASICA, AMBULATORIAL - 02 MEDIA COMPLEXIDADE";"II";"1.0";"6000";"6000";"22";"21";"1";"12737.9";"2.1230";"-2.64642244993202";"-44.2993503878531";"Sobrecarregado"
"2645777";"UNIDADE DE SAUDE DA FAMILIA SANTA CLARA";"AMBULATORIAL - 01 ATENCAO BASICA, AMBULATORIAL - 02 MEDIA COMPLEXIDADE";"II";"1.0";"6000";"6000";"15";"15";"0";"12507.4";"2.0846";"-2.59612195081641";"-44.1986014700842";"Sobrecarregado"
"5992982";"CLINICA DA FAMILIA VILA MARANHAO";"AMBULATORIAL - 01 ATENCAO BASICA, AMBULATORIAL - 02 MEDIA COMPLEXIDADE";"II";"1.0";"6000";"6000";"15";"15";"0";"12507.4";"2.0846";"-2.53599";"-44.2972982";"Sobrecarregado"
"2698005";"CENTRO DE SAUDE DR JOSE RIBAMAR FRAZAO CORREA";"AMBULATORIAL - 01 ATENCAO BASICA, AMBULATORIAL - 02 MEDIA COMPLEXIDADE";"II";"1.0";"6000";"6000";"19";"18";"1";"11353.4";"1.8922";"-2.64220662460148";"-44.2760524474016";"Sobrecarregado"
"7261136";"CENTRO DE SAUDE COQUILHO";"AMBULATORIAL - 01 ATENCAO BASICA";"I";"0.8";"3000";"2400";"8";"8";"0";"4366";"1.8192";"-2.6666776926752";"-44.1871686070447";"Sobrecarregado"
"3173852";"UNIDADE DE SAUDE DA FAMILIA DO SAO FRANCISCO";"AMBULATORIAL - 01 ATENCAO BASICA, AMBULATORIAL - 02 MEDIA COMPLEXIDADE";"II";"1.0";"6000";"6000";"16";"16";"0";"10521.1";"1.7535";"-2.51402546943886";"-44.2991874347959";"Sobrecarregado"
"3827402";"CENTRO DE SAUDE GAPARA";"AMBULATORIAL - 01 ATENCAO BASICA, AMBULATORIAL - 02 MEDIA COMPLEXIDADE";"II";"1.0";"6000";"6000";"15";"13";"2";"10000.3";"1.6667";"-2.58918202338124";"-44.3033712842668";"Sobrecarregado"
"2645793";"U S F ANTONIO CARLOS SOUSA REIS OLIMPICA I";"AMBULATORIAL - 01 ATENCAO BASICA, AMBULATORIAL - 02 MEDIA COMPLEXIDADE";"II";"1.0";"6000";"6000";"10";"10";"0";"8684.3";"1.4474";"-2.59746477997791";"-44.1872823531554";"Sobrecarregado"
"2309319";"CENTRO DE SAUDE VILA NOVA";"AMBULATORIAL - 01 ATENCAO BASICA, AMBULATORIAL - 02 MEDIA COMPLEXIDADE";"II";"1.0";"6000";"6000";"9";"9";"0";"8683.8";"1.4473";"-2.53817903979596";"-44.3278111463714";"Sobrecarregado"
"2458179";"CENTRO DE SAUDE VILA ITAMAR";"AMBULATORIAL - 01 ATENCAO BASICA, AMBULATORIAL - 02 MEDIA COMPLEXIDADE";"II";"1.0";"6000";"6000";"10";"9";"1";"8043.5";"1.3406";"-2.59458988027233";"-44.2469786789376";"Sobrecarregado"
"2310007";"CENTRO DE SAUDE SAO CRISTOVAO";"AMBULATORIAL - 01 ATENCAO BASICA, AMBULATORIAL - 02 MEDIA COMPLEXIDADE";"II";"1.0";"6000";"6000";"14";"14";"0";"8015.8";"1.3360";"-2.57502201852176";"-44.2396897220463";"Sobrecarregado"
"2645750";"CENTRO DE SAUDE JAILSON ALVES VIANA OLIMPICA III";"AMBULATORIAL - 01 ATENCAO BASICA, AMBULATORIAL - 02 MEDIA COMPLEXIDADE";"II";"1.0";"6000";"6000";"14";"10";"4";"7945.6";"1.3243";"-2.60679727846113";"-44.1856210871616";"Sobrecarregado"
"2458780";"CENTRO DE SAUDE DO TIBIRI";"AMBULATORIAL - 01 ATENCAO BASICA, AMBULATORIAL - 02 MEDIA COMPLEXIDADE";"II";"1.0";"6000";"6000";"18";"14";"4";"7769.5";"1.2949";"-2.61206110098613";"-44.2470294728033";"Sobrecarregado"
"2456818";"CENTRO DE SAUDE YVES PARGA";"AMBULATORIAL - 01 ATENCAO BASICA, AMBULATORIAL - 02 MEDIA COMPLEXIDADE";"II";"1.0";"6000";"6000";"19";"14";"5";"7571.4";"1.2619";"-2.62497403262436";"-44.3161231424204";"Sobrecarregado"
"2308479";"CENTRO DE SAUDE THALLES RIBEIRO GONCALVES";"AMBULATORIAL - 01 ATENCAO BASICA, AMBULATORIAL - 02 MEDIA COMPLEXIDADE";"II";"1.0";"6000";"6000";"12";"11";"1";"7251.4";"1.2086";"-2.61656965921625";"-44.2571365667608";"Sobrecarregado"
"2456923";"CENTRO DE SAUDE DE PEDRINHAS II";"AMBULATORIAL - 01 ATENCAO BASICA, AMBULATORIAL - 02 MEDIA COMPLEXIDADE";"II";"1.0";"6000";"6000";"15";"13";"2";"6755.3";"1.1259";"-2.69177862368565";"-44.3043424472497";"Sobrecarregado"
"2309440";"CENTRO DE SAUDE ITAPERA";"AMBULATORIAL - 01 ATENCAO BASICA, AMBULATORIAL - 02 MEDIA COMPLEXIDADE";"II";"1.0";"6000";"6000";"14";"13";"1";"6081.9";"1.0137";"-2.6782048207152";"-44.2763735382743";"Em risco"
"2456834";"CENTRO DE SAUDE QUEBRA POTE";"AMBULATORIAL - 01 ATENCAO BASICA, AMBULATORIAL - 02 MEDIA COMPLEXIDADE";"II";"1.0";"6000";"6000";"13";"12";"1";"5613.5";"0.9356";"-2.6923404";"-44.2155818";"Em risco"
"2309270";"CENTRO DE SAUDE LAURA VASCONCELOS";"AMBULATORIAL - 01 ATENCAO BASICA, AMBULATORIAL - 02 MEDIA COMPLEXIDADE";"II";"1.0";"6000";"6000";"10";"9";"1";"5544.6";"0.9241";"-2.75745333124619";"-44.3519567383654";"Em risco"
"929417";"CLINICA DA FAMILIA DO CENTRO";"AMBULATORIAL - 01 ATENCAO BASICA, AMBULATORIAL - 02 MEDIA COMPLEXIDADE";"II";"1.0";"6000";"6000";"7";"7";"0";"5261.9";"0.8770";"-2.53066464097071";"-44.2953850236779";"Adequado"
"3576566";"CENTRO DE SAUDE MARIA DE LOURDES RODRIGUES";"AMBULATORIAL - 01 ATENCAO BASICA, AMBULATORIAL - 02 MEDIA COMPLEXIDADE";"II";"1.0";"6000";"6000";"4";"4";"0";"4397.6";"0.7329";"-2.65358868530623";"-44.2925150296069";"Adequado"
"2309262";"CENTRO DE SAUDE DE PEDRINHAS I";"AMBULATORIAL - 01 ATENCAO BASICA, AMBULATORIAL - 02 MEDIA COMPLEXIDADE";"II";"1.0";"6000";"6000";"9";"7";"2";"3982.5";"0.6638";"-2.68122420248048";"-44.2955153020393";"Adequado"
"2458721";"CENTRO DE SAUDE MARACANA";"AMBULATORIAL - 01 ATENCAO BASICA, AMBULATORIAL - 02 MEDIA COMPLEXIDADE";"II";"1.0";"6000";"6000";"6";"6";"0";"2817.7";"0.4696";"-2.62883349140059";"-44.2894452863017";"Adequado"
"6929370";"UNIDADE PRISIONAL DE RESSOCIALIZACAO FEMININA";"AMBULATORIAL - 02 MEDIA COMPLEXIDADE";"II";"1.0";"6000";"6000";"7";"7";"0";"2786.5";"0.4644";"-2.5318";"-44.2979";"Adequado"
"7152744";"NUCLEO DE ASSISTENCIA DE SAUDE NAS";"AMBULATORIAL - 02 MEDIA COMPLEXIDADE";"II";"1.0";"6000";"6000";"4";"4";"0";"2137.8";"0.3563";"-2.53";"-44.297";"Adequado"
